日期,open,high,low,收盘,volume,amount,outstanding_share,turnover
2020-03-02,41.4,45.2,41.4,45.17,103858380.0,6154162034.0,3999702579.0000005,0.025966525747513583
2020-03-03,46.53,46.53,43.6,44.19,90455108.0,5365265838.0,3999702579.0000005,0.022615458578076435
2020-03-04,43.57,45.07,43.44,44.37,47563462.0,2804225722.0,3999702579.0000005,0.011891749714022922
2020-03-05,44.51,44.8,43.87,44.23,38152290.0,2251912648.0,3999702579.0000005,0.009538781758502347
2020-03-06,43.79,43.89,42.8,42.84,42461489.0,2447990675.0,3999702579.0000005,0.010616161617351098
2020-03-09,42.02,42.41,41.31,41.72,43452287.0,2426676961.0,3999702579.0000005,0.010863879536478903
2020-03-10,41.72,43.6,41.41,43.12,42833264.0,2436240577.0,3999702579.0000005,0.010709112278720762
2020-03-11,43.09,43.1,41.98,42.05,25089185.0,1420197627.0,3999702579.0000005,0.006272762662835985
2020-03-12,41.23,41.72,40.36,41.34,34492545.0,1889428388.0,3999702579.0000005,0.008623777473129958
2020-03-13,39.32,41.49,38.85,40.53,38338657.0,2050985218.0,3999702579.0000005,0.009585376973101177
2020-03-16,40.84,41.29,38.5,38.72,37312703.0,1974871117.0,3999702579.0000005,0.009328869400416485
2020-03-17,39.31,39.81,36.85,38.2,46040522.0,2342788619.0,3999702579.0000005,0.011510986402271686
2020-03-18,38.68,40.13,38.45,38.5,47970875.0,2525133179.0,3999702579.0000005,0.011993610537909948
2020-03-19,38.31,39.14,35.71,37.52,57758546.0,2872678910.0,3999702579.0000005,0.014440710242620267
2020-03-20,38.09,39.75,37.34,39.6,51326788.0,2651651764.0,3999702579.0000005,0.012832651174986278
2020-03-23,37.82,39.7,37.81,38.74,44988549.0,2342375797.0,3999702579.0000005,0.011247973595888715
2020-03-24,39.79,40.93,39.37,40.93,45918537.0,2472263738.0,3999702579.0000005,0.011480487884546775
2020-03-25,42.32,42.83,40.98,41.46,43503443.0,2433195450.0,3999702579.0000005,0.010876669487478908
2020-03-26,40.68,42.11,40.62,40.69,23976392.0,1315713822.0,3999702579.0000005,0.005994543725797367
2020-03-27,41.19,42.32,40.65,41.81,36329150.0,2022404700.0,3999702579.0000005,0.00908296286597464
2020-03-30,41.17,42.45,40.84,41.82,35020170.0,1956511605.0,3999702579.0000005,0.008755693531781478
2020-03-31,42.23,42.32,41.13,41.27,24043848.0,1337183634.0,3999702579.0000005,0.006011408979817546
2020-04-01,41.04,41.99,40.91,41.04,21899528.0,1208351436.0,3999702579.0000005,0.0054752891164910784
2020-04-02,40.51,41.04,40.05,40.98,22836674.0,1235887543.0,3999702579.0000005,0.005709593038217754
2020-04-03,40.59,41.5,40.59,40.91,17589934.0,960707415.0,3999702579.0000005,0.004397810500299202
2020-04-07,41.85,43.86,41.84,43.29,61942729.0,3546774289.0,3999702579.0000005,0.015486833777397225
2020-04-08,42.7,43.67,42.51,43.14,25989752.0,1493972135.0,3999702579.0000005,0.006497921154551926
2020-04-09,43.34,43.88,42.92,43.4,22552394.0,1307058694.0,3999702579.0000005,0.005638517753397182
2020-04-10,43.74,44.11,42.84,43.35,22532575.0,1308609071.0,3999702579.0000005,0.005633562634958112
2020-04-13,43.22,44.95,42.92,44.41,27619273.0,1637800756.0,3999702579.0000005,0.006905331697664712
2020-04-14,44.11,44.7,43.93,44.68,23227351.0,1375547923.0,3999702579.0000005,0.00580726955097928
2020-04-15,44.46,44.46,43.16,43.29,29085376.0,1697716410.0,3999702579.0000005,0.007271884702805047
2020-04-16,42.85,43.25,42.6,42.9,18284441.0,1046725215.0,3999702579.0000005,0.004571450161319607
2020-04-17,43.25,44.47,42.96,43.6,30411081.0,1772385326.0,3999702579.0000005,0.007603335597919216
2020-04-20,44.17,45.1,44.15,44.61,30218350.0,1801968560.0,3999702579.0000005,0.007555149265012387
2020-04-21,44.19,44.82,43.48,44.3,21053894.0,1239552925.0,3999702579.0000005,0.005263864895990307
2020-04-22,43.96,44.63,43.7,44.59,16842866.0,997272334.0,3999702579.0000005,0.004211029612159569
2020-04-23,44.68,44.83,43.38,43.38,23800649.0,1396160349.0,3999702579.0000005,0.005950604708700766
2020-04-24,43.38,43.66,42.92,43.47,18248439.0,1055405508.0,3999702579.0000005,0.004562448992035414
2020-04-27,43.89,44.46,43.63,43.75,19467545.0,1146367303.0,3999702579.0000005,0.00486724815545341
2020-04-28,44.17,44.2,43.16,43.99,19541288.0,1146192627.0,3999702579.0000005,0.004885685276350144
2020-04-29,44.0,45.54,43.99,44.94,25441059.0,1524051189.0,3999702579.0000005,0.006360737704242183
2020-04-30,45.13,45.2,44.49,44.91,20835334.0,1244152221.0,3999702579.0000005,0.005209220832917336
2020-05-06,44.41,44.88,43.95,44.63,36527055.0,2157298552.0,3999702579.0000005,0.009132442795067136
2020-05-07,44.71,45.64,44.71,45.61,29534639.0,1784073321.0,3999702579.0000005,0.0073842088046917245
2020-05-08,45.69,45.93,45.19,45.57,21437648.0,1302818875.0,3999702579.0000005,0.005359810530051914
2020-05-11,45.84,47.09,45.82,46.4,32316440.0,2012538652.0,3999702579.0000005,0.00807971076891415
2020-05-12,46.44,46.62,45.35,46.0,22324274.0,1368727160.0,3999702579.0000005,0.0055814835126019495
2020-05-13,45.92,45.99,45.17,45.83,19317910.0,1175417770.0,3999702579.0000005,0.004829836623709615
2020-05-14,45.67,45.81,44.2,44.32,35695494.0,2130430907.0,3999702579.0000005,0.008924537086186176
2020-05-15,44.35,44.56,43.57,44.08,22594174.0,1330014655.0,3999702579.0000005,0.00564896353009552
2020-05-18,44.6,44.92,44.24,44.48,21229373.0,1265688226.0,3999702579.0000005,0.005307737908179097
2020-05-19,45.01,45.3,44.32,44.49,18026014.0,1076199555.0,3999702579.0000005,0.004506838607111341
2020-05-20,44.49,44.62,43.64,43.89,24077392.0,1409586306.0,3999702579.0000005,0.006019795603407039
2020-05-21,44.02,44.17,43.14,43.84,21427564.0,1248381931.0,3999702579.0000005,0.00535728934258839
2020-05-22,43.51,43.64,42.58,42.68,25239789.0,1447456642.0,3999702579.0000005,0.00631041646259368
2020-05-25,42.62,42.68,41.85,42.47,20428940.0,1149677285.0,3999702579.0000005,0.005107614777973719
2020-05-26,42.89,43.41,42.69,43.01,19786111.0,1133239814.0,3999702579.0000005,0.0049468955776574
2020-05-27,43.09,43.35,42.6,42.65,16242028.0,931344823.0,3999702579.0000005,0.004060808942464119
2020-05-28,42.66,43.44,42.54,43.08,17318156.0,994634099.0,3999702579.0000005,0.004329860947893245
2020-05-29,42.66,42.97,42.14,42.54,23580179.0,1338221858.0,3999702579.0000005,0.005895483110120523
2020-06-01,43.01,43.8,42.68,43.7,33150294.0,1914727916.0,3999702579.0000005,0.008288189770422427
2020-06-02,43.46,43.6,42.86,43.19,23515951.0,1355786299.0,3999702579.0000005,0.005879424916109493
2020-06-03,43.35,43.71,43.07,43.12,20045260.0,1160821109.0,3999702579.0000005,0.005011687645287787
2020-06-04,43.4,43.4,42.24,42.41,25203134.0,1432101190.0,3999702579.0000005,0.00630125203117009
2020-06-05,42.39,42.41,41.33,42.05,35289213.0,1966210332.0,3999702579.0000005,0.008822959283343252
2020-06-08,42.17,42.54,41.58,41.95,27068670.0,1514066288.0,3999702579.0000005,0.006767670711847696
2020-06-09,41.87,42.67,41.81,42.36,24519753.0,1387243670.0,3999702579.0000005,0.0061303940769841915
2020-06-10,42.59,43.42,42.34,43.31,35808920.0,2059754917.0,3999702579.0000005,0.008952895694797609
2020-06-11,43.3,43.3,41.96,42.51,34589696.0,1969008408.0,3999702579.0000005,0.00864806702918597
2020-06-12,41.87,42.4,41.7,41.94,27697112.0,1556531161.0,3999702579.0000005,0.006924792894706883
2020-06-15,41.78,42.35,41.34,41.64,22382801.0,1249904668.0,3999702579.0000005,0.00559611635063028
2020-06-16,42.23,42.24,41.6,41.96,28782346.0,1608940555.0,3999702579.0000005,0.007196121569418324
2020-06-17,41.93,42.28,41.49,41.98,32695328.0,1825445619.0,3999702579.0000005,0.00817443981251587
2020-06-18,41.98,42.41,41.4,42.35,24209411.0,1308640818.0,3999702579.0000005,0.006052802807665964
2020-06-19,42.33,42.59,41.79,42.41,34299080.0,1865177233.0,3999702579.0000005,0.008575407626577925
2020-06-22,42.52,42.52,41.81,41.99,26361160.0,1425211063.0,3999702579.0000005,0.006590780059098989
2020-06-23,41.82,41.83,41.31,41.47,30222871.0,1616458124.0,3999702579.0000005,0.007556279599058657
2020-06-24,41.62,42.36,41.6,42.02,27306292.0,1478925066.0,3999702579.0000005,0.00682708062928696
2020-06-29,41.51,41.84,40.79,40.98,38980584.0,2062754193.0,3999702579.0000005,0.009745870656649142
2020-06-30,41.16,41.4,40.84,41.09,25534563.0,1350228171.0,3999702579.0000005,0.006384115442499755
2020-07-01,41.3,43.14,41.09,43.02,56880614.0,3101087371.0,3999702579.0000005,0.014221210921693383
2020-07-02,43.36,44.02,43.23,43.95,55182871.0,3103273503.0,3999702579.0000005,0.01379674361032033
2020-07-03,43.96,44.92,43.56,44.09,44253251.0,2521357764.0,3999702579.0000005,0.011064135426555674
2020-07-06,44.45,45.67,44.45,45.37,51455203.0,3001211213.0,3999702579.0000005,0.01286475731224614
2020-07-07,45.82,47.07,45.05,45.05,53226567.0,3126284181.0,3999702579.0000005,0.013307631242247923
2020-07-08,45.59,45.82,44.36,45.01,42519970.0,2459834235.0,3999702579.0000005,0.010630782954524277
2020-07-09,45.02,46.17,44.35,46.01,69068488.0,3996574445.0,3999702579.0000005,0.01726840599664498
2020-07-10,45.69,45.69,44.27,44.41,53354244.0,3077327863.0,3999702579.0000005,0.013339552865788222
2020-07-13,44.27,45.96,44.13,45.41,58434919.0,3407457308.0,3999702579.0000005,0.01460981606652608
2020-07-14,45.57,46.51,44.82,45.5,52420813.0,3073928266.0,3999702579.0000005,0.01310617776312412
2020-07-15,45.78,46.09,44.35,44.54,40134165.0,2325392830.0,3999702579.0000005,0.010034287351944624
2020-07-16,44.66,45.67,43.07,43.2,60714710.0,3471344492.0,3999702579.0000005,0.015179806198284823
2020-07-17,43.49,44.68,43.28,44.26,39627685.0,2250570302.0,3999702579.0000005,0.009907657936382774
2020-07-20,45.05,48.69,45.05,48.69,130534583.0,8003357452.0,3999702579.0000005,0.03263607241332331
2020-07-21,48.69,48.92,46.46,47.31,86357704.0,5264717569.0,3999702579.0000005,0.021591031406537987
2020-07-22,47.13,47.66,46.52,47.35,49563222.0,3008514342.0,3999702579.0000005,0.012391726889950832
2020-07-23,46.66,47.77,45.91,47.42,43753284.0,2641867877.0,3999702579.0000005,0.010939134382071761
2020-07-24,46.96,47.33,45.2,45.71,44369905.0,2636469588.0,3999702579.0000005,0.011093301095176256
2020-07-27,46.31,47.3,45.93,46.41,36205435.0,2171456775.0,3999702579.0000005,0.009052031816088692
2020-07-28,46.74,47.34,46.17,46.52,28411771.0,1711289743.0,3999702579.0000005,0.007103470930356894
2020-07-29,46.29,47.22,45.86,47.13,31914823.0,1923818350.0,3999702579.0000005,0.007979299052775893
2020-07-30,48.15,49.37,47.52,47.73,55290311.0,3448417640.0,3999702579.0000005,0.013823605607650856
2020-07-31,47.38,48.69,47.31,47.7,35478208.0,2188800115.0,3999702579.0000005,0.008870211546797114
2020-08-03,48.59,49.32,48.17,48.32,36604399.0,2293479765.0,3999702579.0000005,0.009151780232907162
2020-08-04,48.78,49.16,48.3,48.69,29948593.0,1877324015.0,3999702579.0000005,0.007487705000177213
2020-08-05,48.62,48.69,47.65,48.06,27024339.0,1669196218.0,3999702579.0000005,0.006756587137725771
2020-08-06,48.23,48.83,47.21,47.6,29609925.0,1820874466.0,3999702579.0000005,0.0074030317042731286
2020-08-07,47.77,47.85,46.84,47.77,25080619.0,1532856914.0,3999702579.0000005,0.006270621003592377
2020-08-10,48.7,49.31,47.38,47.84,28580067.0,1767121732.0,3999702579.0000005,0.007145548059012314
2020-08-11,48.14,48.21,46.99,47.03,22054757.0,1348408739.0,3999702579.0000005,0.005514099252228424
2020-08-12,47.03,47.21,45.05,45.89,31556180.0,1862280278.0,3999702579.0000005,0.007889631635532668
2020-08-13,45.98,46.45,45.54,45.85,18009894.0,1065199823.0,3999702579.0000005,0.004502808307437401
2020-08-14,45.85,46.2,45.34,46.17,19415476.0,1143834783.0,3999702579.0000005,0.004854229937480558
2020-08-17,46.18,47.46,45.82,47.45,31049175.0,1878627423.0,3999702579.0000005,0.0077628709602109635
2020-08-18,47.45,47.68,47.0,47.49,18016208.0,1099619112.0,3999702579.0000005,0.0045043869248158905
2020-08-19,47.49,48.07,47.05,47.11,18939084.0,1160153658.0,3999702579.0000005,0.004735123081260487
2020-08-20,47.0,47.0,45.82,46.01,20094636.0,1196675584.0,3999702579.0000005,0.005024032563197244
2020-08-21,46.5,46.6,45.82,46.1,12696736.0,753242055.0,3999702579.0000005,0.003174420034795292
2020-08-24,47.21,48.15,47.11,47.83,39639803.0,2440239268.0,3999702579.0000005,0.009910687661658753
2020-08-25,48.54,48.61,47.12,47.59,23960064.0,1474026129.0,3999702579.0000005,0.005990461422256666
2020-08-26,47.64,48.23,47.11,47.3,22436918.0,1374400438.0,3999702579.0000005,0.00560964660667585
2020-08-27,47.59,47.69,46.62,47.09,17937049.0,1084798463.0,3999702579.0000005,0.004484595703234662
2020-08-28,47.1,48.31,46.86,48.23,31339949.0,1931269435.0,3999702579.0000005,0.00783556986575626
2020-08-31,48.83,49.07,47.3,47.31,29909934.0,1851807125.0,3999702579.0000005,0.007478039531498873
2020-09-01,47.14,47.18,46.41,46.83,28657946.0,1723913710.0,3999702579.0000005,0.007165019256798093
2020-09-02,46.95,46.98,46.05,46.37,24432938.0,1458839753.0,3999702579.0000005,0.006108688713076432
2020-09-03,46.39,46.85,46.06,46.27,23903140.0,1426718453.0,3999702579.0000005,0.005976229364028419
2020-09-04,45.8,46.21,45.58,46.17,16676326.0,985808974.0,3999702579.0000005,0.004169391516148531
2020-09-07,46.13,46.52,45.09,45.26,21031205.0,1240251929.0,3999702579.0000005,0.005258192224197378
2020-09-08,45.44,45.82,44.82,45.72,19092795.0,1112801520.0,3999702579.0000005,0.004773553688777917
2020-09-09,45.07,45.34,44.42,44.81,19487128.0,1126420399.0,3999702579.0000005,0.004872144269505194
2020-09-10,45.28,45.81,44.82,44.93,19348109.0,1127821023.0,3999702579.0000005,0.0048373869351149065
2020-09-11,45.09,45.2,44.43,45.05,13910839.0,802359611.0,3999702579.0000005,0.003477968355206543
2020-09-14,45.24,46.1,45.24,45.97,21786064.0,1280509940.0,3999702579.0000005,0.005446921007173218
2020-09-15,45.89,46.16,45.37,45.97,14352598.0,845824705.0,3999702579.0000005,0.003588416317592398
2020-09-16,46.02,46.31,45.67,46.01,13503676.0,799856332.0,3999702579.0000005,0.0033761700359670665
2020-09-17,45.97,46.05,45.19,45.47,13832875.0,810227486.0,3999702579.0000005,0.0034584759058405973
2020-09-18,45.69,46.72,45.4,46.62,25179398.0,1500863089.0,3999702579.0000005,0.006295317589913227
2020-09-21,46.97,47.21,46.13,46.41,15950542.0,953344007.0,3999702579.0000005,0.003987932023682603
2020-09-22,46.06,46.21,45.44,45.61,14506408.0,855866364.0,3999702579.0000005,0.003626871676950257
2020-09-23,45.79,45.79,45.05,45.2,12647997.0,737021226.0,3999702579.0000005,0.0031622343787277886
2020-09-24,44.97,45.05,44.37,44.44,15620950.0,897543184.0,3999702579.0000005,0.003905527896503126
2020-09-25,44.43,44.7,43.9,44.04,14412701.0,818087820.0,3999702579.0000005,0.003603443184918875
2020-09-28,44.19,44.6,43.62,43.71,13937271.0,790315803.0,3999702579.0000005,0.0034845768465825715
2020-09-29,43.81,44.07,43.31,43.38,18388679.0,1031597709.0,3999702579.0000005,0.00459751159912433
2020-09-30,43.66,43.87,42.48,42.92,24588331.0,1364843490.0,3999702579.0000005,0.00614753985186257
2020-10-09,43.56,43.59,42.55,43.2,32452002.0,1796400013.0,3999702579.0000005,0.008113603789038134
2020-10-12,43.17,44.26,43.14,44.19,28911884.0,1632276497.0,3999702579.0000005,0.0072285084775549745
2020-10-13,44.18,44.18,43.73,43.84,21794032.0,1230412463.0,3999702579.0000005,0.00544891315529989
2020-10-14,43.83,43.84,42.73,43.18,29006244.0,1610003061.0,3999702579.0000005,0.007252100231725754
2020-10-15,43.19,43.49,42.73,43.23,20286982.0,1127680357.0,3999702579.0000005,0.005072122638946849
2020-10-16,43.06,43.7,42.6,42.77,27076381.0,1495591860.0,3999702579.0000005,0.006769598605196688
2020-10-19,42.86,43.17,41.96,42.0,27377752.0,1499716822.0,3999702579.0000005,0.006844946957742279
2020-10-20,42.05,42.25,41.7,42.19,20088749.0,1085828797.0,3999702579.0000005,0.005022560703756768
2020-10-21,42.34,42.46,41.71,41.99,17546300.0,947866711.0,3999702579.0000005,0.004386901189134643
2020-10-22,41.88,41.94,41.22,41.35,19752990.0,1053050808.0,3999702579.0000005,0.004938614711931559
2020-10-23,41.35,41.63,41.16,41.32,17498335.0,931530804.0,3999702579.0000005,0.00437490904745595
2020-10-26,41.32,41.32,40.15,40.36,26181978.0,1369685984.0,3999702579.0000005,0.0065459812280707075
2020-10-27,40.39,41.1,40.08,40.89,25662571.0,1341145570.0,3999702579.0000005,0.0064161198221934085
2020-10-28,40.54,40.7,39.61,40.39,36485297.0,1884853882.0,3999702579.0000005,0.009122002518777783
2020-10-29,39.61,40.81,39.53,40.43,27635945.0,1430710854.0,3999702579.0000005,0.006909500007600439
2020-10-30,40.43,40.46,39.38,39.49,27972312.0,1434243798.0,3999702579.0000005,0.006993598010728486
2020-11-02,39.48,40.04,39.31,39.66,22563283.0,1150506203.0,3999702579.0000005,0.0056412402058258135
2020-11-03,39.81,40.3,39.53,40.12,28286682.0,1456580309.0,3999702579.0000005,0.007072196354928019
2020-11-04,40.34,42.62,40.23,42.36,64749387.0,3477475665.0,3999702579.0000005,0.016188550453716123
2020-11-05,42.95,43.11,42.09,42.41,37539884.0,2049979771.0,3999702579.0000005,0.009385668873755524
2020-11-06,42.41,43.03,41.86,42.52,35119795.0,1921539548.0,3999702579.0000005,0.008780601633829634
2020-11-09,42.83,43.25,42.51,42.97,37650346.0,2075789286.0,3999702579.0000005,0.00941328642726562
2020-11-10,42.98,43.18,41.75,41.94,34624410.0,1891594736.0,3999702579.0000005,0.008656746174525993
2020-11-11,42.03,43.79,41.75,43.47,55142638.0,3064466897.0,3999702579.0000005,0.013786684612381023
2020-11-12,43.25,43.85,42.72,43.37,32694917.0,1819175095.0,3999702579.0000005,0.008174337054875299
2020-11-13,43.11,43.22,42.38,42.7,22035591.0,1210001808.0,3999702579.0000005,0.0055093073959287505
2020-11-16,43.03,44.17,42.87,44.08,41753081.0,2350952270.0,3999702579.0000005,0.010439046447908395
2020-11-17,44.12,45.57,43.7,44.86,55739145.0,3219607337.0,3999702579.0000005,0.01393582245156234
2020-11-18,44.85,45.12,44.14,44.66,25246851.0,1450117457.0,3999702579.0000005,0.006312182093877635
2020-11-19,44.37,44.62,43.84,44.11,23046060.0,1306656578.0,3999702579.0000005,0.005761943430744278
2020-11-20,44.18,44.18,43.49,43.65,20525199.0,1153754984.0,3999702579.0000005,0.0051316813174472784
2020-11-23,43.67,44.81,43.28,44.24,31703331.0,1808535391.0,3999702579.0000005,0.007926422121098418
2020-11-24,44.19,44.66,43.66,44.38,22386524.0,1276161591.0,3999702579.0000005,0.005597047169841575
2020-11-25,44.36,44.71,42.94,43.15,26112467.0,1466206685.0,3999702579.0000005,0.006528602185847678
2020-11-26,43.11,43.34,42.41,42.72,18611343.0,1024540381.0,3999702579.0000005,0.00465318173849146
2020-11-27,42.79,43.25,42.6,43.11,16148289.0,892113097.0,3999702579.0000005,0.00403737244983785
2020-11-30,43.18,44.02,43.11,43.88,35744758.0,2010394902.0,3999702579.0000005,0.008936854002013533
2020-12-01,43.52,43.84,43.3,43.71,21793831.0,1223415341.0,3999702579.0000005,0.005448862901563261
2020-12-02,43.65,43.87,43.34,43.54,17166728.0,962362105.0,3999702579.0000005,0.0042920011328172305
2020-12-03,43.56,43.63,42.82,43.08,20871763.0,1157195740.0,3999702579.0000005,0.005218328760139542
2020-12-04,43.06,43.39,42.63,43.39,16376492.0,905317997.0,3999702579.0000005,0.0040944274421760695
2020-12-07,43.28,43.29,42.03,42.12,31831564.0,1738178977.0,3999702579.0000005,0.007958482754974867
2020-12-08,42.12,42.47,41.49,41.51,21819340.0,1175161119.0,3999702579.0000005,0.0054552406257805395
2020-12-09,41.51,41.8,41.06,41.11,18962758.0,1010339861.0,3999702579.0000005,0.004741042021364759
2020-12-10,41.02,41.31,40.81,41.09,16007381.0,846072413.0,3999702579.0000005,0.004002142830330685
2020-12-11,41.09,41.4,40.45,40.74,18133337.0,952687185.0,3999702579.0000005,0.004533671352266815
2020-12-14,40.74,40.9,40.06,40.4,19877193.0,1031286238.0,3999702579.0000005,0.004969667770889521
2020-12-15,40.4,41.44,40.14,41.29,20359830.0,1072085787.0,3999702579.0000005,0.005090335993205358
2020-12-16,40.78,41.07,40.62,40.93,16618362.0,873171727.0,3999702579.0000005,0.004154899438586481
2020-12-17,40.81,41.28,40.3,41.09,20026320.0,1053794878.0,3999702579.0000005,0.005006952293189497
2020-12-18,41.09,41.72,40.97,41.3,19517792.0,1040359289.0,3999702579.0000005,0.004879810839554927
2020-12-21,40.85,41.22,40.62,41.0,19153216.0,1008807666.0,3999702579.0000005,0.004788660062016076
2020-12-22,41.0,41.09,40.0,40.02,32372096.0,1681074655.0,3999702579.0000005,0.00809362580357003
2020-12-23,40.0,40.15,39.52,39.8,21399944.0,1093103274.0,3999702579.0000005,0.00535038382912721
2020-12-24,39.8,40.48,39.6,39.91,16776697.0,863297897.0,3999702579.0000005,0.004194486132064971
2020-12-25,39.91,39.93,39.52,39.72,15563697.0,795721320.0,3999702579.0000005,0.003891213582158704
2020-12-28,39.73,39.76,38.85,38.98,35833389.0,1805132033.0,3999702579.0000005,0.008959013399681085
2020-12-29,39.22,40.36,38.89,39.98,27531891.0,1404617270.0,3999702579.0000005,0.006883484573216312
2020-12-30,39.77,39.91,39.32,39.87,19481925.0,994911652.0,3999702579.0000005,0.004870843422780411
2020-12-31,39.92,40.64,39.7,40.09,26814450.0,1384845251.0,3999702579.0000005,0.00670411098584838
2021-01-04,40.15,40.72,39.85,40.6,31900434.0,1655911374.0,3999702579.0000005,0.00797570153528158
2021-01-05,40.58,40.64,39.62,40.24,41983750.0,2165511202.0,3999702579.0000005,0.010496717986090033
2021-01-06,40.25,44.19,40.25,43.4,111772803.0,6107596751.0,3999702579.0000005,0.027945278628178714
2021-01-07,42.72,42.76,41.58,42.66,68864293.0,3741964542.0,3999702579.0000005,0.017217353450620157
2021-01-08,42.87,44.02,42.84,43.84,66114248.0,3715962622.0,3999702579.0000005,0.016529791076747957
2021-01-11,44.74,45.17,43.54,43.89,65944693.0,3760229969.0,3999702579.0000005,0.016487399174687483
2021-01-12,43.9,44.35,43.03,44.22,43073145.0,2427348381.0,3999702579.0000005,0.010769086988155275
2021-01-13,44.22,45.73,43.81,44.5,54063426.0,3127712729.0,3999702579.0000005,0.013516861549619735
2021-01-14,44.27,44.48,43.28,43.64,40523883.0,2279159949.0,3999702579.0000005,0.010131724096878153
2021-01-15,43.34,43.63,42.72,43.17,32552383.0,1806551915.0,3999702579.0000005,0.008138700905140475
2021-01-18,42.72,42.93,42.06,42.86,36663268.0,2006957405.0,3999702579.0000005,0.009166498577293338
2021-01-19,42.97,43.11,41.94,42.77,39926495.0,2180116660.0,3999702579.0000005,0.009982365991318874
2021-01-20,42.72,42.72,41.86,41.94,31226787.0,1693535588.0,3999702579.0000005,0.007807277262052638
2021-01-21,41.94,42.09,41.17,41.36,46311674.0,2471868258.0,3999702579.0000005,0.01157877944304018
2021-01-22,41.4,41.45,40.47,40.6,37590552.0,1973095519.0,3999702579.0000005,0.009398336815683514
2021-01-25,40.43,41.61,39.85,41.19,58857853.0,3079266557.0,3999702579.0000005,0.014715557428951517
2021-01-26,40.62,41.01,39.92,40.33,47903790.0,2481281548.0,3999702579.0000005,0.01197683804078673
2021-01-27,40.37,41.0,40.04,40.15,35909959.0,1869223289.0,3999702579.0000005,0.0089781573231323
2021-01-28,39.77,39.91,39.24,39.46,38944230.0,1978888037.0,3999702579.0000005,0.0097367814808212
2021-01-29,39.6,39.77,38.83,39.18,41319283.0,2081962675.0,3999702579.0000005,0.01033058888351908
2021-02-01,39.22,39.3,38.83,39.22,30905188.0,1555584269.0,3999702579.0000005,0.007726871533464587
2021-02-02,39.34,39.36,38.45,38.83,59968497.0,2996886476.0,3999702579.0000005,0.014993239076039807
2021-02-03,38.83,39.04,38.21,38.59,33248670.0,1654804490.0,3999702579.0000005,0.008312785599251428
2021-02-04,38.52,38.52,37.35,38.06,43365422.0,2114069332.0,3999702579.0000005,0.010842161671641634
2021-02-05,38.03,39.43,37.68,38.98,42428143.0,2113033427.0,3999702579.0000005,0.010607824497442462
2021-02-08,38.98,39.96,38.79,39.78,36044909.0,1839985956.0,3999702579.0000005,0.009011897331879085
2021-02-09,39.91,39.92,39.24,39.7,32553579.0,1658051259.0,3999702579.0000005,0.008138999927374348
2021-02-10,39.69,40.45,39.36,40.3,33745876.0,1744901478.0,3999702579.0000005,0.008437096342407812
2021-02-18,41.02,41.78,40.0,40.35,46465186.0,2437352355.0,3999702579.0000005,0.011617160296858161
2021-02-19,40.46,42.61,40.15,42.45,79049976.0,4249102977.0,3999702579.0000005,0.01976396355445108
2021-02-22,42.83,43.65,42.25,42.26,79798068.0,4411631838.0,3999702579.0000005,0.019951000461627073
2021-02-23,41.63,42.19,40.68,40.78,52371597.0,2790184181.0,3999702579.0000005,0.013093872848189093
2021-02-24,41.16,42.05,40.9,41.31,43130900.0,2302216784.0,3999702579.0000005,0.010783526811831975
2021-02-25,41.78,42.61,41.01,42.37,49916020.0,2701689075.0,3999702579.0000005,0.01247993294853437
2021-02-26,41.42,42.13,41.17,41.43,31703251.0,1696862493.0,3999702579.0000005,0.007926402119611204
2021-03-01,41.43,41.85,40.87,41.27,29281209.0,1558186043.0,3999702579.0000005,0.007320846593378661
2021-03-02,41.19,42.28,40.94,41.51,38877001.0,2085741933.0,3999702579.0000005,0.009719972981020996
2021-03-03,41.55,42.25,41.17,42.16,35594009.0,1918270499.0,3999702579.0000005,0.00889916394956026
2021-03-04,41.81,42.15,41.17,41.38,30060182.0,1608919017.0,3999702579.0000005,0.007515604324638459
2021-03-05,41.01,41.1,39.73,39.77,44917195.0,2320574380.0,3999702579.0000005,0.011230133769403957
2021-03-08,40.42,41.06,39.65,39.69,36562862.0,1899074128.0,3999702579.0000005,0.009141395210726242
2021-03-09,39.84,40.29,38.76,39.24,35642982.0,1815004740.0,3999702579.0000005,0.008911408109977868
2021-03-10,39.53,39.8,39.11,39.62,20524243.0,1044527793.0,3999702579.0000005,0.005131442299675052
2021-03-11,40.23,41.69,40.22,41.3,58271078.0,3092586292.0,3999702579.0000005,0.014568852770689976
2021-03-12,41.59,42.63,41.17,42.27,61570894.0,3341166581.0,3999702579.0000005,0.015393868114912149
2021-03-15,41.99,42.62,41.42,41.82,38837450.0,2096957883.0,3999702579.0000005,0.009710084495760203
2021-03-16,41.86,42.05,41.23,41.94,23447840.0,1258776365.0,3999702579.0000005,0.005862395899912737
2021-03-17,41.98,41.99,40.92,41.22,25461315.0,1352498783.0,3999702579.0000005,0.006365802080805168
2021-03-18,41.28,41.67,40.94,41.13,21543606.0,1143275561.0,3999702579.0000005,0.0053863019998317725
2021-03-19,40.77,40.78,40.0,40.05,27367786.0,1419966354.0,3999702579.0000005,0.006842455272472398
2021-03-22,40.05,40.39,39.6,40.37,19632177.0,1014490642.0,3999702579.0000005,0.004908409215994357
2021-03-23,40.59,41.54,39.91,40.14,37038345.0,1937778506.0,3999702579.0000005,0.009260274800047825
2021-03-24,39.81,40.17,39.32,39.4,27616489.0,1407004167.0,3999702579.0000005,0.00690463564590961
2021-03-25,39.43,39.76,39.08,39.53,23352313.0,1186974286.0,3999702579.0000005,0.0058385123740472
2021-03-26,39.8,40.04,39.38,39.87,28553458.0,1461772075.0,3999702579.0000005,0.007138895314345821
2021-03-29,40.17,40.7,40.06,40.14,35129879.0,1824024333.0,3999702579.0000005,0.008783122821293158
2021-03-30,40.15,40.33,39.94,40.08,28209031.0,1455482667.0,3999702579.0000005,0.007052782161380804
2021-03-31,40.15,40.21,39.54,39.78,17789612.0,910355947.0,3999702579.0000005,0.0044477337123521145
2021-04-01,39.92,39.94,39.61,39.94,16655179.0,852512289.0,3999702579.0000005,0.004164104373021681
2021-04-02,39.94,40.0,39.7,39.87,17209383.0,882026760.0,3999702579.0000005,0.004302665675781988
2021-04-06,39.89,39.99,39.65,39.69,18397249.0,941278586.0,3999702579.0000005,0.0045996542584423
2021-04-07,39.53,40.12,38.99,40.1,31300922.0,1589415177.0,3999702579.0000005,0.007825812390236728
2021-04-08,39.92,39.93,39.53,39.75,17938003.0,916963209.0,3999702579.0000005,0.004484834220969708
2021-04-09,39.75,39.75,39.21,39.35,16192563.0,821219167.0,3999702579.0000005,0.004048441772900134
2021-04-12,39.35,39.41,39.0,39.0,17070324.0,859152353.0,3999702579.0000005,0.004267898340648093
2021-04-13,39.0,39.17,38.72,38.84,16998408.0,851164764.0,3999702579.0000005,0.004249918003715645
2021-04-14,39.03,39.19,38.88,39.1,11078849.0,557012450.0,3999702579.0000005,0.0027699182079608323
2021-04-15,39.07,39.07,38.6,38.79,13325809.0,665340912.0,3999702579.0000005,0.003331699979384892
2021-04-16,38.82,39.22,38.8,39.14,11156221.0,560176540.0,3999702579.0000005,0.0027892626463213825
2021-04-19,39.14,39.46,38.91,39.44,18775401.0,950211615.0,3999702579.0000005,0.004694199288361635
2021-04-20,39.53,39.54,39.2,39.22,15800227.0,799764086.0,3999702579.0000005,0.003950350479297475
2021-04-21,39.14,39.14,38.76,38.99,14897503.0,746875436.0,3999702579.0000005,0.003724652697482484
2021-04-22,38.95,39.12,38.83,38.93,12540887.0,628409478.0,3999702579.0000005,0.003135454887532026
2021-04-23,38.93,39.04,38.8,38.87,17302612.0,865710799.0,3999702579.0000005,0.004325974658927258
2021-04-26,38.86,39.07,38.45,38.5,24406139.0,1217925109.0,3999702579.0000005,0.006101988464877802
2021-04-27,38.43,38.44,37.9,37.96,21892521.0,1071178031.0,3999702579.0000005,0.005473537236229583
2021-04-28,38.06,38.77,38.06,38.41,15671387.0,774082609.0,3999702579.0000005,0.00391813808413678
2021-04-29,38.45,38.68,38.16,38.63,14678050.0,728154471.0,3999702579.0000005,0.0036697853678084695
2021-04-30,38.45,38.61,38.02,38.08,17789852.0,875765135.0,3999702579.0000005,0.004447793716813761
2021-05-06,38.1,38.64,38.1,38.35,16231118.0,801968725.0,3999702579.0000005,0.0040580812396450935
2021-05-07,38.34,39.3,38.34,39.02,30702264.0,1540733940.0,3999702579.0000005,0.007676136761067902
2021-05-10,39.14,39.56,38.52,38.92,23474199.0,1178264700.0,3999702579.0000005,0.0058689861399316805
2021-05-11,38.77,38.77,37.9,38.39,20014952.0,985601178.0,3999702579.0000005,0.005004110081856163
2021-05-12,38.21,38.55,38.13,38.29,11907758.0,587353560.0,3999702579.0000005,0.0029771608675405957
2021-05-13,38.18,38.29,37.98,38.06,15038840.0,737011164.0,3999702579.0000005,0.0037599895749648436
2021-05-14,38.06,38.75,38.06,38.7,20465608.0,1015201434.0,3999702579.0000005,0.005116782459638982
2021-05-17,38.73,39.46,38.73,39.08,23673109.0,1194838879.0,3999702579.0000005,0.0059187173377073235
2021-05-18,39.1,39.13,38.6,38.75,13414182.0,669530274.0,3999702579.0000005,0.003353794872256175
2021-05-19,38.75,38.75,38.25,38.45,13747390.0,679437749.0,3999702579.0000005,0.003437103066657797
2021-05-20,38.43,38.45,38.1,38.35,14627244.0,720065976.0,3999702579.0000005,0.0036570829233150332
2021-05-21,38.4,38.59,38.13,38.15,14708469.0,724215695.0,3999702579.0000005,0.0036773906833036042
2021-05-24,38.18,38.18,37.96,38.06,14301090.0,700254264.0,3999702579.0000005,0.0035755383600486455
2021-05-25,38.06,38.62,37.96,38.58,24479936.0,1209124323.0,3999702579.0000005,0.006120439086778407
2021-05-26,38.59,38.8,38.43,38.59,18190286.0,904726714.0,3999702579.0000005,0.004547909660959817
2021-05-27,38.62,38.82,38.42,38.47,22850629.0,1134252975.0,3999702579.0000005,0.005713082047643922
2021-05-28,38.56,38.68,38.06,38.1,27759341.0,1364565445.0,3999702579.0000005,0.006940351301556114
2021-05-31,38.2,38.2,37.9,38.08,24776290.0,1210717167.0,3999702579.0000005,0.00619453309605699
2021-06-01,38.07,38.07,37.71,37.86,21807665.0,1061458863.0,3999702579.0000005,0.005452321658740015
2021-06-02,37.86,37.86,37.51,37.55,21677218.0,1050288275.0,3999702579.0000005,0.005419707483704877
2021-06-03,37.51,37.74,37.46,37.6,17361952.0,841055901.0,3999702579.0000005,0.004340810762069416
2021-06-04,37.6,37.86,37.4,37.5,19608898.0,948901322.0,3999702579.0000005,0.004902589033233213
2021-06-07,37.5,37.82,37.28,37.71,21614750.0,1043641701.0,3999702579.0000005,0.00540408932241259
2021-06-08,37.59,38.0,37.51,38.0,21957011.0,1069535144.0,3999702579.0000005,0.005489660935111245
2021-06-09,38.21,38.24,37.87,37.9,17984091.0,880017582.0,3999702579.0000005,0.004496357077754605
2021-06-10,37.92,38.13,37.61,37.61,19571881.0,954771352.0,3999702579.0000005,0.004893334095079973
2021-06-11,37.79,37.81,37.34,37.35,18815124.0,907386261.0,3999702579.0000005,0.0047041307768199425
2021-06-15,37.36,37.5,36.55,36.64,24106813.0,1139858268.0,3999702579.0000005,0.00602715140034916
2021-06-16,36.67,36.81,36.17,36.57,24018819.0,1127343898.0,3999702579.0000005,0.00600515126452356
2021-06-17,36.52,36.53,35.66,35.7,26520670.0,1170629792.0,3999702579.0000005,0.006630660524420958
2021-06-18,35.7,35.71,34.62,34.8,32227153.0,1380992387.0,3999702579.0000005,0.008057387359051428
2021-06-21,34.48,34.48,33.2,33.28,47810074.0,1968449773.0,3999702579.0000005,0.011953407298588037
2021-06-22,33.26,34.13,33.22,33.66,25946553.0,1077761876.0,3999702579.0000005,0.006487120601474102
2021-06-23,33.68,34.27,33.67,34.06,18373416.0,767907009.0,3999702579.0000005,0.004593695565382187
2021-06-24,34.16,34.23,33.52,33.74,14546330.0,603893815.0,3999702579.0000005,0.003636852919108013
2021-06-25,33.87,34.33,33.75,34.22,17034117.0,713810610.0,3999702579.0000005,0.00425884591755291
2021-06-28,34.24,34.61,33.93,34.26,16124414.0,679758555.0,3999702579.0000005,0.00403140325599695
2021-06-29,34.32,34.32,33.45,33.45,17316954.0,717681498.0,3999702579.0000005,0.004329560425547831
2021-06-30,33.43,33.78,33.18,33.39,16554327.0,679334579.0,3999702579.0000005,0.0041388894981633575
2021-07-01,33.35,34.11,32.87,33.87,27991847.0,1152036791.0,3999702579.0000005,0.006998482123887941
2021-07-02,33.35,33.41,32.7,32.8,23452228.0,949747343.0,3999702579.0000005,0.005863492981486511
2021-07-05,32.8,32.98,32.45,32.68,17210824.0,690509890.0,3999702579.0000005,0.004303025952570459
2021-07-06,32.68,33.13,32.61,33.05,16399805.0,664035114.0,3999702579.0000005,0.00410025612556928
2021-07-07,32.9,33.11,32.62,32.94,14192516.0,573035892.0,3999702579.0000005,0.0035483928416368375
2021-07-08,32.93,32.94,32.13,32.15,25654083.0,1021320179.0,3999702579.0000005,0.006413997664399835
2021-07-09,31.95,32.39,31.67,31.9,18715862.0,733857765.0,3999702579.0000005,0.004679313431520028
2021-07-12,32.23,32.49,31.85,31.88,16923351.0,667159676.0,3999702579.0000005,0.004231152358391396
2021-07-13,31.88,32.11,31.65,31.89,16709956.0,655200408.0,3999702579.0000005,0.004177799641336781
2021-07-14,31.87,31.88,31.07,31.15,26785824.0,1034124582.0,3999702579.0000005,0.006696953953685464
2021-07-15,31.11,31.92,30.95,31.82,23023602.0,890425820.0,3999702579.0000005,0.005756328513245684
2021-07-16,31.7,31.71,31.33,31.43,14759684.0,570634540.0,3999702579.0000005,0.0036901953854004297
2021-07-19,31.4,31.4,30.61,30.95,23961761.0,908828375.0,3999702579.0000005,0.005990885703804227
2021-07-20,30.82,31.21,30.7,31.16,13268966.0,505317767.0,3999702579.0000005,0.00331748817266245
2021-07-21,31.46,32.13,31.26,31.41,25172969.0,978750786.0,3999702579.0000005,0.006293710220396864
2021-07-22,31.41,32.31,30.99,32.01,30256453.0,1183414806.0,3999702579.0000005,0.007564675723354578
2021-07-23,32.04,32.26,31.51,31.55,21249857.0,829864833.0,3999702579.0000005,0.005312859288980646
2021-07-26,31.5,31.5,30.01,30.16,33626408.0,1257552213.0,3999702579.0000005,0.008407227121474422
2021-07-27,30.17,30.4,28.86,28.89,32883191.0,1189757738.0,3999702579.0000005,0.00822140905492563
2021-07-28,28.87,29.36,28.61,28.96,22638112.0,808015398.0,3999702579.0000005,0.005659948846911499
2021-07-29,29.25,29.37,28.47,28.71,25415863.0,899048400.0,3999702579.0000005,0.006354438235843635
2021-07-30,28.7,29.12,28.18,28.79,22120676.0,779044301.0,3999702579.0000005,0.005530580227675473
2021-08-02,28.79,31.67,28.16,31.6,73630550.0,2761114209.0,3999702579.0000005,0.018409006306266153
2021-08-03,31.56,32.43,30.97,31.87,59530528.0,2319990054.0,3999702579.0000005,0.01488373868411079
2021-08-04,31.8,32.23,31.48,32.04,36471581.0,1431169139.0,3999702579.0000005,0.009118573263794671
2021-08-05,31.95,32.93,31.6,32.61,41103035.0,1644186833.0,3999702579.0000005,0.010276522863426639
2021-08-06,32.6,32.61,31.64,31.95,24732972.0,971685495.0,3999702579.0000005,0.006183702790766932
2021-08-09,31.8,34.64,31.64,33.69,64593663.0,2667840475.0,3999702579.0000005,0.01614961655877663
2021-08-10,33.69,33.83,32.78,33.8,40955600.0,1676963116.0,3999702579.0000005,0.010239661372581272
2021-08-11,33.79,34.12,33.26,33.37,27401467.0,1131858557.0,3999702579.0000005,0.006850876148608748
2021-08-12,33.26,33.74,32.87,33.25,24457672.0,1000455979.0,3999702579.0000005,0.0061148726728863095
2021-08-13,33.25,33.83,32.95,33.47,21320737.0,875542092.0,3999702579.0000005,0.005330580606653652
2021-08-16,33.83,34.55,33.63,33.69,29902735.0,1250677561.0,3999702579.0000005,0.0074762396476680615
2021-08-17,33.71,34.81,33.71,34.04,45576016.0,1922776978.0,3999702579.0000005,0.01139485126701467
2021-08-18,34.05,34.67,33.35,34.62,29856256.0,1255760340.0,3999702579.0000005,0.007464619033614398
2021-08-19,34.56,34.57,33.53,33.55,27061302.0,1126346566.0,3999702579.0000005,0.006765828574875141
2021-08-20,33.47,34.84,32.95,34.28,39645881.0,1651031658.0,3999702579.0000005,0.009912207274649957
2021-08-23,34.27,34.27,33.51,33.85,26195802.0,1092218682.0,3999702579.0000005,0.00654943748506156
2021-08-24,33.87,34.11,33.17,33.18,25801970.0,1062237356.0,3999702579.0000005,0.00645097216364797
2021-08-25,33.51,33.59,32.84,32.94,19369901.0,787478044.0,3999702579.0000005,0.004842835340232431
2021-08-26,32.86,32.86,32.08,32.08,24064445.0,956371107.0,3999702579.0000005,0.006016558612719788
2021-08-27,32.22,32.52,31.88,31.98,17406001.0,688131115.0,3999702579.0000005,0.0043518238309489055
2021-08-30,31.44,31.45,30.1,30.41,41035721.0,1534852578.0,3999702579.0000005,0.010259693112046268
2021-08-31,30.65,32.92,30.65,32.5,53416385.0,2112769210.0,3999702579.0000005,0.013355089271001517
2021-09-01,32.78,35.61,32.54,35.1,91354005.0,3886538403.0,3999702579.0000005,0.02284019953874675
2021-09-02,35.38,35.62,34.78,35.25,48552991.0,2100882434.0,3999702579.0000005,0.01213915035955977
2021-09-03,34.93,35.94,34.32,35.53,47744746.0,2074887594.0,3999702579.0000005,0.011937074084127792
2021-09-06,36.31,37.66,36.04,37.17,72591107.0,3315031261.0,3999702579.0000005,0.01814912623281832
2021-09-07,37.17,37.27,36.35,36.82,37054409.0,1675275757.0,3999702579.0000005,0.009264291098680714
2021-09-08,36.72,36.82,35.87,36.25,36772445.0,1641267483.0,3999702579.0000005,0.009193794856915034
2021-09-09,36.19,37.56,35.96,37.39,46562009.0,2123413902.0,3999702579.0000005,0.01164136784681659
2021-09-10,37.81,40.18,37.81,38.62,81235638.0,3909399629.0,3999702579.0000005,0.02031041968633338
2021-09-13,39.04,40.35,38.71,40.16,83353919.0,4085954002.0,3999702579.0000005,0.020840029315589766
2021-09-14,40.36,40.5,39.12,39.45,51865861.0,2538998304.0,3999702579.0000005,0.012967429446458347
2021-09-15,39.45,39.53,36.84,37.19,56394702.0,2611735603.0,3999702579.0000005,0.014099723888494658
2021-09-16,37.75,38.7,37.11,37.58,52481881.0,2442215959.0,3999702579.0000005,0.013121445898390136
2021-09-17,38.62,38.62,36.7,37.92,33934496.0,1572394843.0,3999702579.0000005,0.008484254848890352
2021-09-22,37.95,38.63,37.74,37.92,26494953.0,1244556295.0,3999702579.0000005,0.006624230796336918
2021-09-23,38.32,39.81,38.32,38.75,42109405.0,2018886731.0,3999702579.0000005,0.010528134072040958
2021-09-24,38.42,38.48,34.97,35.39,67559809.0,3007873702.0,3999702579.0000005,0.01689120820000851
2021-09-27,35.29,35.29,33.41,33.96,47915225.0,2007187815.0,3999702579.0000005,0.011979697003365607
2021-09-28,34.16,34.77,33.71,34.18,28269220.0,1185411903.0,3999702579.0000005,0.007067830530306038
2021-09-29,33.74,33.98,33.08,33.2,32390271.0,1328341802.0,3999702579.0000005,0.00809816989144682
2021-09-30,33.15,33.74,32.86,33.18,24199753.0,987675633.0,3999702579.0000005,0.006050388128121863
2021-10-08,33.69,33.91,32.94,33.57,22945547.0,943974174.0,3999702579.0000005,0.00573681331218803
2021-10-11,33.78,35.1,33.75,33.97,38864931.0,1644881632.0,3999702579.0000005,0.009716955256637344
2021-10-12,33.96,34.61,33.35,33.94,28893568.0,1208121665.0,3999702579.0000005,0.007223929137056967
2021-10-13,33.9,33.9,32.57,33.42,26777799.0,1090632448.0,3999702579.0000005,0.006694947554499151
2021-10-14,33.43,33.44,32.57,32.72,24171710.0,973240876.0,3999702579.0000005,0.0060433768567970305
2021-10-15,32.73,33.22,32.52,32.78,17201678.0,695146717.0,3999702579.0000005,0.004300739282544538
2021-10-18,32.78,33.22,31.76,33.22,27611574.0,1105740475.0,3999702579.0000005,0.006903406804538803
2021-10-19,33.02,33.14,32.6,32.85,20767879.0,839375257.0,3999702579.0000005,0.005192355828915748
2021-10-20,33.04,33.22,32.49,32.82,18059399.0,728955595.0,3999702579.0000005,0.004515185477744993
2021-10-21,32.66,33.07,32.19,32.4,25807019.0,1033776153.0,3999702579.0000005,0.006452234507509863
2021-10-22,32.43,33.73,32.43,33.03,29994982.0,1222996399.0,3999702579.0000005,0.007499303112557759
2021-10-25,32.52,32.52,31.84,31.87,36320145.0,1427290747.0,3999702579.0000005,0.009080711448569935
2021-10-26,32.06,32.16,31.64,31.68,19808592.0,774334474.0,3999702579.0000005,0.004952516245583569
2021-10-27,31.52,31.55,30.78,30.95,24579052.0,937825318.0,3999702579.0000005,0.006145219929364152
2021-10-28,30.95,31.27,30.55,30.94,18421305.0,698813545.0,3999702579.0000005,0.0046056687056480255
2021-10-29,30.74,31.1,30.71,30.97,18396722.0,699338382.0,3999702579.0000005,0.0045995224986452666
2021-11-01,30.91,31.14,30.65,30.82,20372076.0,771448890.0,3999702579.0000005,0.0050933977208608835
2021-11-02,30.91,31.21,30.09,30.3,25209401.0,946801851.0,3999702579.0000005,0.006302818897674841
2021-11-03,30.17,31.15,30.17,30.85,20345646.0,767944140.0,3999702579.0000005,0.005086789729522035
2021-11-04,31.04,31.05,30.5,30.92,16069841.0,609088261.0,3999702579.0000005,0.0040177589914742505
2021-11-05,30.8,31.02,30.5,30.76,13268132.0,501824815.0,3999702579.0000005,0.0033172796571582274
2021-11-08,30.61,31.05,30.39,30.74,20146073.0,762075492.0,3999702579.0000005,0.005036892769421093
2021-11-09,30.9,31.08,30.66,30.82,14144274.0,535889030.0,3999702579.0000005,0.003536331444808661
2021-11-10,30.72,30.81,29.52,29.86,33129634.0,1217494179.0,3999702579.0000005,0.008283024386349001
2021-11-11,29.86,31.82,29.77,31.6,54716236.0,2093318803.0,3999702579.0000005,0.013680076185484788
2021-11-12,31.61,31.63,30.91,31.01,28156998.0,1077465783.0,3999702579.0000005,0.007039772944077199
2021-11-15,31.02,31.3,30.86,31.11,14878150.0,567571477.0,3999702579.0000005,0.0037198140877064446
2021-11-16,31.11,31.27,30.16,30.25,30666774.0,1151855997.0,3999702579.0000005,0.00766726360130189
2021-11-17,30.24,30.38,30.01,30.13,20446529.0,757750771.0,3999702579.0000005,0.005112012354956655
2021-11-18,30.17,30.26,30.01,30.09,15715378.0,582137115.0,3999702579.0000005,0.003929136651938039
2021-11-19,30.08,30.58,29.85,30.47,17705383.0,658495261.0,3999702579.0000005,0.004426674896518599
2021-11-22,30.46,30.46,30.1,30.32,14329858.0,532683426.0,3999702579.0000005,0.003582730894851369
2021-11-23,30.24,30.61,30.13,30.43,14590259.0,546175657.0,3999702579.0000005,0.0036478359857566793
2021-11-24,30.41,30.48,30.09,30.4,14568476.0,542195579.0,3999702579.0000005,0.003642389830806467
2021-11-25,30.4,30.4,30.14,30.22,11655603.0,433109295.0,3999702579.0000005,0.0029141174299300316
2021-11-26,30.13,30.13,29.71,29.74,20952630.0,769355107.0,3999702579.0000005,0.005238547013472823
2021-11-29,29.43,29.44,29.28,29.38,21775445.0,785451052.0,3999702579.0000005,0.00544426605976394
2021-11-30,29.39,29.92,29.3,29.46,22101422.0,803213071.0,3999702579.0000005,0.0055257663697398625
2021-12-01,29.34,29.82,29.3,29.81,19068521.0,695016427.0,3999702579.0000005,0.004767484737519529
2021-12-02,29.68,31.8,29.43,31.3,67763010.0,2580698810.0,3999702579.0000005,0.01694201222755468
2021-12-03,31.16,31.23,30.77,31.2,29279044.0,1117282354.0,3999702579.0000005,0.007320305303130889
2021-12-06,31.47,32.13,31.35,31.59,41751081.0,1627363558.0,3999702579.0000005,0.010438546410728005
2021-12-07,32.04,32.59,32.04,32.29,40446400.0,1607347817.0,3999702579.0000005,0.010112351906454091
2021-12-08,32.29,32.36,31.73,31.94,26231182.0,1028289351.0,3999702579.0000005,0.006558283142782652
2021-12-09,32.04,32.9,32.0,32.68,41731315.0,1671673534.0,3999702579.0000005,0.010433604543274215
2021-12-10,32.52,32.61,31.93,32.08,28073380.0,1110341740.0,3999702579.0000005,0.007018866889602292
2021-12-13,32.94,34.16,32.92,33.05,52080592.0,2152143744.0,3999702579.0000005,0.013021116188349462
2021-12-14,32.98,32.98,32.04,32.13,29138902.0,1156346696.0,3999702579.0000005,0.007285267197863813
2021-12-15,32.04,32.47,31.98,32.17,14730311.0,583861936.0,3999702579.0000005,0.0036828515893506386
2021-12-16,32.19,32.64,31.82,32.56,18573798.0,739345816.0,3999702579.0000005,0.004643794790522598
2021-12-17,32.61,33.09,32.3,32.48,36003757.0,1446085860.0,3999702579.0000005,0.00900160856685539
2021-12-20,32.34,33.0,32.16,32.75,26820205.0,1077080198.0,3999702579.0000005,0.006705549842834951
2021-12-21,32.53,34.06,32.53,33.5,34260632.0,1412794757.0,3999702579.0000005,0.008565794911822116
2021-12-22,33.69,33.75,33.12,33.55,19552039.0,803752021.0,3999702579.0000005,0.004888373226213328
2021-12-23,33.51,34.0,33.22,33.96,23074146.0,957185216.0,3999702579.0000005,0.005768965452868488
2021-12-24,33.94,34.15,33.57,33.98,17334537.0,723959630.0,3999702579.0000005,0.004333956502419226
2021-12-27,34.0,34.65,33.33,33.74,19096264.0,797704998.0,3999702579.0000005,0.004774421003267302
2021-12-28,33.82,33.93,33.08,33.26,17587121.0,721151986.0,3999702579.0000005,0.004397107198004984
2021-12-29,33.34,33.56,32.78,32.91,14006628.0,568454254.0,3999702579.0000005,0.0035019173859427107
2021-12-30,32.93,33.34,32.73,32.9,18324327.0,743967981.0,3999702579.0000005,0.004581422402808116
2021-12-31,32.71,33.08,32.53,32.78,14445806.0,581235915.0,3999702579.0000005,0.0036117200503472733
2022-01-04,32.91,34.04,32.55,33.89,27085461.0,1114937328.0,3999702579.0000005,0.006771868773995657
2022-01-05,33.79,34.63,33.62,34.37,33089460.0,1392407488.0,3999702579.0000005,0.008272980139506517
2022-01-06,34.57,35.91,34.42,35.21,42265069.0,1836496394.0,3999702579.0000005,0.01056705296586504
2022-01-07,35.13,35.91,35.09,35.75,37286602.0,1640294946.0,3999702579.0000005,0.00932234366519381
2022-01-10,35.75,36.19,35.3,35.69,25206411.0,1105379303.0,3999702579.0000005,0.0063020713420901585
2022-01-11,35.87,35.94,35.18,35.31,21756386.0,949369724.0,3999702579.0000005,0.005439500955453418
2022-01-12,35.13,35.24,33.74,33.8,38919507.0,1632165980.0,3999702579.0000005,0.009730600271215814
2022-01-13,33.89,34.03,32.82,32.86,26655269.0,1090534971.0,3999702579.0000005,0.006664312776642585
2022-01-14,32.69,32.74,31.72,31.77,32502173.0,1280434801.0,3999702579.0000005,0.008126147471726797
2022-01-17,31.8,31.95,31.57,31.73,20685110.0,807440657.0,3999702579.0000005,0.005171662040223916
2022-01-18,31.78,32.77,31.49,32.69,28715171.0,1139447158.0,3999702579.0000005,0.0071793265706219895
2022-01-19,32.54,35.05,32.54,34.92,67781943.0,2875018630.0,3999702579.0000005,0.01694674582952284
2022-01-20,34.92,35.09,34.4,34.7,29474573.0,1256008784.0,3999702579.0000005,0.007369191188053085
2022-01-21,34.73,34.73,33.42,33.5,33950890.0,1409099003.0,3999702579.0000005,0.008488353653658005
2022-01-24,34.44,34.48,33.56,34.09,21430164.0,899523131.0,3999702579.0000005,0.005357939390922896
2022-01-25,33.78,34.08,33.1,33.22,16666360.0,688731667.0,3999702579.0000005,0.00416689983087865
2022-01-26,32.95,33.55,32.26,33.22,23289138.0,945640696.0,3999702579.0000005,0.005822717449611645
2022-01-27,32.92,33.0,32.37,32.43,16481004.0,660113885.0,3999702579.0000005,0.004120557385074506
2022-01-28,32.7,33.0,31.87,31.89,19078984.0,756462143.0,3999702579.0000005,0.004770100682028737
2022-02-07,32.4,34.63,32.35,34.3,37616996.0,1565540045.0,3999702579.0000005,0.009404948307282624
2022-02-08,34.3,34.48,33.57,34.13,24463489.0,1022081748.0,3999702579.0000005,0.0061163270310254725
2022-02-09,34.15,35.05,34.09,34.22,23661489.0,1001496562.0,3999702579.0000005,0.0059158121216892606
2022-02-10,34.22,35.46,33.84,35.44,37367808.0,1609400800.0,3999702579.0000005,0.009342646674829168
2022-02-11,35.46,36.15,35.22,35.85,39309409.0,1735001619.0,3999702579.0000005,0.009828083019569939
2022-02-14,35.53,35.88,34.47,34.52,24666289.0,1060114286.0,3999702579.0000005,0.006167030801116974
2022-02-15,34.75,34.94,34.0,34.24,20713128.0,875093665.0,3999702579.0000005,0.005178667061083993
2022-02-16,34.55,35.13,34.25,34.56,18157267.0,772084272.0,3999702579.0000005,0.004539654297130176
2022-02-17,34.56,35.26,34.01,34.67,19201836.0,817609185.0,3999702579.0000005,0.0048008159658713455
2022-02-18,34.41,35.47,34.28,35.4,22007985.0,948291786.0,3999702579.0000005,0.005502405382727833
2022-02-21,35.41,35.59,34.73,35.1,16899816.0,727454177.0,3999702579.0000005,0.004225268170871162
2022-02-22,34.7,34.78,34.22,34.56,16635440.0,704993371.0,3999702579.0000005,0.004159169256069827
2022-02-23,34.48,34.73,33.84,34.04,21235476.0,889617100.0,3999702579.0000005,0.005309263771635055
2022-02-24,33.76,33.78,32.63,33.0,31005050.0,1265131601.0,3999702579.0000005,0.0077518388899186184
2022-02-25,33.25,33.7,32.74,32.78,21680149.0,883781673.0,3999702579.0000005,0.005420440288192738
2022-02-28,32.94,33.3,32.56,32.78,18055363.0,728942353.0,3999702579.0000005,0.004514176402714967
2022-03-01,32.88,33.3,32.81,33.17,15842725.0,643959168.0,3999702579.0000005,0.003960975769343573
2022-03-02,33.13,33.56,32.94,33.0,17995427.0,733103283.0,3999702579.0000005,0.004499191288493053
2022-03-03,33.17,33.62,33.0,33.48,21386984.0,877671809.0,3999702579.0000005,0.005347143588198286
2022-03-04,33.18,33.18,32.21,32.49,32173441.0,1286528288.0,3999702579.0000005,0.008043958360534887
2022-03-07,32.49,33.25,32.3,32.68,27320946.0,1100480119.0,3999702579.0000005,0.006830744401707675
2022-03-08,32.48,32.74,31.56,31.72,25546303.0,1008727864.0,3999702579.0000005,0.006387050660748642
2022-03-09,32.12,32.28,29.81,31.06,29773532.0,1136934128.0,3999702579.0000005,0.0074439364957591255
2022-03-10,31.72,31.88,31.07,31.21,20091334.0,775141007.0,3999702579.0000005,0.005023207001812421
2022-03-11,30.69,31.05,30.17,30.95,27199849.0,1020763967.0,3999702579.0000005,0.006800467900490857
2022-03-14,30.56,31.19,30.13,30.27,17955629.0,676799896.0,3999702579.0000005,0.004489241048640481
2022-03-15,30.1,30.12,28.24,28.26,42152938.0,1503282607.0,3999702579.0000005,0.010539018131327908
2022-03-16,28.57,29.08,27.49,28.95,34767401.0,1210401121.0,3999702579.0000005,0.008692496582756533
2022-03-17,29.44,30.39,29.28,30.08,33445310.0,1228107446.0,3999702579.0000005,0.00836194925482733
2022-03-18,30.12,30.81,29.93,30.62,20341674.0,759553593.0,3999702579.0000005,0.0050857966556817815
2022-03-21,30.74,30.8,30.03,30.2,19285457.0,717354231.0,3999702579.0000005,0.004821722770402023
2022-03-22,30.04,30.48,29.83,30.26,13214592.0,491360407.0,3999702579.0000005,0.003303893661839199
2022-03-23,30.17,30.38,30.01,30.21,13187096.0,489498516.0,3999702579.0000005,0.0032970191506832033
2022-03-24,30.09,30.17,29.76,29.99,13977683.0,515305535.0,3999702579.0000005,0.003494680597849523
2022-03-25,29.96,30.33,29.82,29.99,13209662.0,487780122.0,3999702579.0000005,0.0033026610701895388
2022-03-28,30.1,30.82,29.83,30.66,23024571.0,862424345.0,3999702579.0000005,0.005756570781259583
2022-03-29,30.48,30.77,30.26,30.65,15032714.0,564216246.0,3999702579.0000005,0.0037584579610813102
2022-03-30,30.74,31.72,30.74,31.51,27557644.0,1062563428.0,3999702579.0000005,0.006889923301969598
2022-03-31,31.34,32.52,31.27,32.12,34819390.0,1372314924.0,3999702579.0000005,0.00870549479924217
2022-04-01,31.8,32.48,31.71,32.29,23058827.0,912589464.0,3999702579.0000005,0.005765135418085295
2022-04-06,32.21,33.45,32.09,33.29,30546460.0,1236883211.0,3999702579.0000005,0.007637182864641196
2022-04-07,33.18,34.02,32.82,32.95,35257410.0,1443821657.0,3999702579.0000005,0.008815007942119287
2022-04-08,33.09,33.55,32.76,33.28,32168377.0,1312763895.0,3999702579.0000005,0.00804269226639414
2022-04-11,33.33,33.51,32.67,32.94,27031505.0,1098533177.0,3999702579.0000005,0.006758378770943108
2022-04-12,32.73,33.09,32.21,32.91,21403117.0,861405533.0,3999702579.0000005,0.005351177138113898
2022-04-13,32.73,32.99,32.22,32.25,17452405.0,697288437.0,3999702579.0000005,0.004363425693608304
2022-04-14,32.3,32.94,31.73,32.78,21978291.0,874728300.0,3999702579.0000005,0.0054949813307105895
2022-04-15,32.58,33.02,32.37,32.48,11812720.0,474501985.0,3999702579.0000005,0.0029533996007656644
2022-04-18,32.32,32.59,31.82,32.21,10806408.0,428982270.0,3999702579.0000005,0.0027018028932295764
2022-04-19,32.13,32.46,31.55,31.63,17977223.0,701534856.0,3999702579.0000005,0.004494639950077147
2022-04-20,31.64,31.85,30.77,30.91,16037800.0,614108292.0,3999702579.0000005,0.00400974814582582
2022-04-21,30.73,31.15,30.27,30.42,16002168.0,603794228.0,3999702579.0000005,0.004000839483419999
2022-04-22,30.17,31.44,30.01,31.17,18235838.0,694637564.0,3999702579.0000005,0.0045592985077803705
2022-04-25,30.91,31.44,30.14,30.17,20392693.0,773310361.0,3999702579.0000005,0.005098552354134929
2022-04-26,30.17,31.13,30.01,30.63,21717375.0,818140433.0,3999702579.0000005,0.005429747480231329
2022-04-27,31.04,33.32,31.04,32.12,58066993.0,2315509000.0,3999702579.0000005,0.014517827726710075
2022-04-28,32.08,32.74,31.84,32.61,28680277.0,1143715165.0,3999702579.0000005,0.007170602421935733
2022-04-29,32.19,32.69,31.58,32.5,27968442.0,1105502429.0,3999702579.0000005,0.006992630438784433
2022-05-05,32.52,32.99,32.34,32.84,23947298.0,965232540.0,3999702579.0000005,0.00598726968493424
2022-05-06,32.13,32.53,31.61,31.66,17225007.0,676104635.0,3999702579.0000005,0.004306571966235192
2022-05-09,31.63,32.19,31.24,31.5,10924636.0,425432504.0,3999702579.0000005,0.002731362091111125
2022-05-10,31.03,31.64,30.73,31.52,15379518.0,591421952.0,3999702579.0000005,0.00384516540823522
2022-05-11,31.7,31.77,31.0,31.17,20327154.0,782003489.0,3999702579.0000005,0.005082166385752153
2022-05-12,31.01,31.13,30.57,30.83,15208924.0,576620501.0,3999702579.0000005,0.003802513736859532
2022-05-13,30.86,31.12,30.75,31.08,15043572.0,572950511.0,3999702579.0000005,0.003761172662933645
2022-05-16,31.38,31.47,30.8,31.0,15730687.0,601337527.0,3999702579.0000005,0.00393296418653533
2022-05-17,31.0,31.0,30.4,30.89,16572848.0,625316664.0,3999702579.0000005,0.004143520092472356
2022-05-18,30.73,30.76,30.15,30.33,21528753.0,804092404.0,3999702579.0000005,0.00538258847371161
2022-05-19,30.05,30.7,29.94,30.53,15227267.0,568727071.0,3999702579.0000005,0.003807099827859475
2022-05-20,30.65,30.98,30.55,30.88,16619936.0,629500065.0,3999702579.0000005,0.004155292967847447
2022-05-23,30.88,30.88,30.43,30.5,14312880.0,537532595.0,3999702579.0000005,0.003578486079227042
2022-05-24,30.62,30.64,30.01,30.03,18950636.0,704008434.0,3999702579.0000005,0.004738011296014417
2022-05-25,30.03,30.29,29.87,30.19,12621112.0,467801083.0,3999702579.0000005,0.0031555126289304018
2022-05-26,30.43,31.03,30.43,30.65,26844267.0,1014362821.0,3999702579.0000005,0.006711565790152217
2022-05-27,30.66,30.76,30.14,30.27,27795387.0,1035760515.0,3999702579.0000005,0.006949363471658275
2022-05-30,30.13,30.38,30.05,30.16,16609496.0,615708016.0,3999702579.0000005,0.004152682773765813
2022-05-31,30.16,30.17,29.83,29.95,24039428.0,886030138.0,3999702579.0000005,0.006010303897648885
2022-06-01,29.95,30.25,29.95,30.23,17436583.0,646281491.0,3999702579.0000005,0.004359469899474242
2022-06-02,30.25,30.3,29.3,29.46,45461684.0,1657409186.0,3999702579.0000005,0.01136626614156052
2022-06-06,29.1,29.19,28.22,28.64,63868790.0,2240400780.0,3999702579.0000005,0.01596838483324637
2022-06-07,28.55,28.87,28.47,28.87,33869097.0,1196406582.0,3999702579.0000005,0.008467903883110204
2022-06-08,28.89,29.22,28.79,29.08,29442996.0,1049934295.0,3999702579.0000005,0.007361296351030504
2022-06-09,29.07,29.25,28.86,28.93,23825056.0,849878326.0,3999702579.0000005,0.00595670691243165
2022-06-10,28.71,28.99,28.55,28.95,20386433.0,721337201.0,3999702579.0000005,0.00509698723776031
2022-06-13,28.79,29.18,28.55,28.88,24868038.0,880453738.0,3999702579.0000005,0.00621747180167018
2022-06-14,28.67,29.43,28.48,29.43,35768518.0,1281824638.0,3999702579.0000005,0.00894279444371656
2022-06-15,29.43,30.34,29.33,29.99,42746209.0,1572879483.0,3999702579.0000005,0.010687346910351355
2022-06-16,29.98,30.09,29.69,29.71,24076474.0,883317573.0,3999702579.0000005,0.006019566086341241
2022-06-17,29.37,30.17,29.37,30.17,35425053.0,1301080760.0,3999702579.0000005,0.00885692180863531
2022-06-20,30.27,30.27,29.92,30.17,31434146.0,1163545533.0,3999702579.0000005,0.007859120866896838
2022-06-21,30.33,30.33,29.58,30.0,26602773.0,918435982.0,3999702579.0000005,0.00665118780073172
2022-06-22,30.0,30.0,29.22,29.32,31772007.0,1079507333.0,3999702579.0000005,0.007943592397798635
2022-06-23,29.32,29.53,29.16,29.44,18049961.0,609868793.0,3999702579.0000005,0.004512825802290735
2022-06-24,29.55,29.62,29.21,29.51,24670938.0,833214921.0,3999702579.0000005,0.006168193137542789
2022-06-27,29.51,29.94,29.3,29.83,27686278.0,946122799.0,3999702579.0000005,0.006922084193300713
2022-06-28,29.81,29.96,29.56,29.9,21972946.0,754211411.0,3999702579.0000005,0.005493644981345998
2022-06-29,29.89,30.31,29.81,30.12,31513888.0,1094251929.0,3999702579.0000005,0.007879057849316149
2022-06-30,30.24,30.86,30.08,30.66,36228051.0,1277377819.0,3999702579.0000005,0.009057686236524537
2022-07-01,30.78,31.24,30.62,30.9,32240289.0,1150015965.0,3999702579.0000005,0.008060671603252226
2022-07-04,31.09,31.47,30.76,31.29,31584401.0,1131523652.0,3999702579.0000005,0.007896687410166555
2022-07-05,31.31,31.59,30.73,31.19,26942884.0,964876615.0,3999702579.0000005,0.006736221873461456
2022-07-06,31.07,31.16,30.16,30.38,24404371.0,855563761.0,3999702579.0000005,0.006101546432010338
2022-07-07,30.37,30.48,30.04,30.28,14132114.0,492219863.0,3999702579.0000005,0.0035332912187518925
2022-07-08,30.41,30.68,30.23,30.42,13594568.0,475869930.0,3999702579.0000005,0.0033988947256670503
2022-07-11,30.07,30.72,29.81,30.55,22763996.0,793037502.0,3999702579.0000005,0.005691422187119578
2022-07-12,30.5,31.29,30.4,31.1,30654108.0,1095551577.0,3999702579.0000005,0.007664096865838483
2022-07-13,31.19,31.34,30.53,30.72,17806046.0,631848475.0,3999702579.0000005,0.004451842517863376
2022-07-14,30.52,30.55,30.08,30.22,14595516.0,508259016.0,3999702579.0000005,0.0036491503334853334
2022-07-15,30.07,30.36,29.55,29.55,19687070.0,675661990.0,3999702579.0000005,0.004922133486465919
2022-07-18,29.55,30.77,29.42,30.51,20692177.0,721010418.0,3999702579.0000005,0.0051734289216008224
2022-07-19,30.4,30.42,30.05,30.19,15273918.0,531063562.0,3999702579.0000005,0.0038187634451106517
2022-07-20,30.38,30.39,29.92,30.03,10564147.0,365654781.0,3999702579.0000005,0.0026412331395503992
2022-07-21,29.81,29.97,29.56,29.57,13406364.0,457611284.0,3999702579.0000005,0.003351840226918032
2022-07-22,29.55,29.66,28.72,28.92,30400499.0,1017177336.0,3999702579.0000005,0.007600689901197775
2022-07-25,28.93,29.15,28.77,28.84,15214502.0,505362056.0,3999702579.0000005,0.0038039083405556388
2022-07-26,28.84,29.1,28.57,29.04,15520490.0,516960415.0,3999702579.0000005,0.0038804110289321586
2022-07-27,28.98,29.11,28.59,28.6,17288943.0,570289932.0,3999702579.0000005,0.004322557154817885
2022-07-28,28.68,28.88,28.6,28.66,11396459.0,376692789.0,3999702579.0000005,0.002849326612392596
2022-07-29,28.69,28.87,28.19,28.24,17841764.0,584304378.0,3999702579.0000005,0.004460772681867953
2022-08-01,28.18,28.24,27.81,28.12,13982682.0,450477764.0,3999702579.0000005,0.0034959304407819066
2022-08-02,27.75,27.75,27.0,27.22,22448193.0,705301616.0,3999702579.0000005,0.005612465566280297
2022-08-03,27.11,27.51,26.81,26.84,15754310.0,490535529.0,3999702579.0000005,0.003938870375691502
2022-08-04,27.03,27.19,26.88,27.11,11446572.0,355984830.0,3999702579.0000005,0.002861855794003027
2022-08-05,27.17,27.88,26.94,27.84,18904575.0,597345775.0,3999702579.0000005,0.004726495189731456
2022-08-08,27.84,28.33,27.77,28.29,16704135.0,540777192.0,3999702579.0000005,0.004176344283123257
2022-08-09,28.28,28.41,28.1,28.24,11765779.0,382631925.0,3999702579.0000005,0.0029416634781233315
2022-08-10,28.24,28.68,27.91,28.13,14346791.0,465121050.0,3999702579.0000005,0.0035869644596391373
2022-08-11,28.27,28.5,27.97,28.44,12266532.0,399857974.0,3999702579.0000005,0.003066861037219137
2022-08-12,28.39,28.67,28.27,28.57,9400407.0,308555138.0,3999702579.0000005,0.0023502765053971275
2022-08-15,28.57,28.87,28.33,28.39,13030343.0,427968798.0,3999702579.0000005,0.0032578279866144013
2022-08-16,28.47,28.73,28.34,28.46,11788401.0,386354021.0,3999702579.0000005,0.002947319398670718
2022-08-17,28.48,28.57,27.95,28.47,15432773.0,503467323.0,3999702579.0000005,0.0038584801482560434
2022-08-18,28.33,28.42,27.44,27.48,28738173.0,917477970.0,3999702579.0000005,0.007185077498233649
2022-08-19,27.49,27.86,27.46,27.72,17021241.0,543295670.0,3999702579.0000005,0.004255626678185563
2022-08-22,27.71,28.11,27.59,27.97,14567025.0,467699380.0,3999702579.0000005,0.003642027053832094
2022-08-23,27.97,28.01,27.24,27.35,20059314.0,632813825.0,3999702579.0000005,0.005015201406554384
2022-08-24,27.34,27.45,26.94,26.97,18762078.0,585465256.0,3999702579.0000005,0.00469086829068447
2022-08-25,27.22,28.06,27.07,27.9,31077161.0,990533264.0,3999702579.0000005,0.007769867980476154
2022-08-26,27.7,27.81,27.25,27.64,19215698.0,609152433.0,3999702579.0000005,0.004804281723568626
2022-08-29,27.42,27.61,27.03,27.31,15488825.0,486001089.0,3999702579.0000005,0.003872494190273641
2022-08-30,27.28,27.77,26.8,26.93,20662339.0,641252083.0,3999702579.0000005,0.005165968866906591
2022-08-31,26.84,27.74,26.65,27.74,35382915.0,1110548626.0,3999702579.0000005,0.008846386525281682
2022-09-01,27.38,28.04,26.94,27.46,25800265.0,820155776.0,3999702579.0000005,0.006450545881951688
2022-09-02,27.46,27.72,27.0,27.09,17741847.0,557260057.0,3999702579.0000005,0.004435791574391461
2022-09-05,26.98,27.14,26.51,26.95,22635615.0,697498301.0,3999702579.0000005,0.005659324550491783
2022-09-06,26.98,27.11,26.74,26.94,20191134.0,625308510.0,3999702579.0000005,0.0050481588571138596
2022-09-07,26.77,26.85,26.26,26.43,29422849.0,896206639.0,3999702579.0000005,0.00735625922649385
2022-09-08,26.38,26.54,26.11,26.25,19969177.0,603234919.0,3999702579.0000005,0.004992665480889997
2022-09-09,26.26,27.38,26.21,27.26,44961442.0,1396199309.0,3999702579.0000005,0.011241196341964304
2022-09-13,27.26,28.14,27.09,27.77,31515581.0,1009415197.0,3999702579.0000005,0.007879481130789349
2022-09-14,27.44,27.88,27.37,27.45,16121199.0,511322825.0,3999702579.0000005,0.004030599446229474
2022-09-15,27.5,28.2,27.5,28.01,26024617.0,836909350.0,3999702579.0000005,0.006506638052699067
2022-09-16,27.83,27.96,26.95,27.11,33850625.0,1061994356.0,3999702579.0000005,0.008463285539712125
2022-09-19,27.11,27.11,26.38,26.46,21451430.0,655938750.0,3999702579.0000005,0.005363256286261979
2022-09-20,26.6,26.64,25.39,25.71,39075712.0,1165191494.0,3999702579.0000005,0.009769654425097191
2022-09-21,25.56,25.59,24.98,25.36,24394559.0,708548536.0,3999702579.0000005,0.0060990932496033465
2022-09-22,25.09,25.25,24.87,24.97,18094858.0,520467773.0,3999702579.0000005,0.0045240508869347105
2022-09-23,24.97,25.32,24.81,24.91,14117002.0,406882426.0,3999702579.0000005,0.003529512937816869
2022-09-26,24.77,25.07,24.6,24.62,14695846.0,419157435.0,3999702579.0000005,0.0036742346986395756
2022-09-27,24.65,24.9,24.44,24.86,13401972.0,380576883.0,3999702579.0000005,0.0033507421452698967
2022-09-28,24.77,24.99,24.51,24.59,15627949.0,444691103.0,3999702579.0000005,0.003907277776615899
2022-09-29,24.67,25.29,24.33,24.43,18440487.0,524692211.0,3999702579.0000005,0.004610464562245141
2022-09-30,24.49,25.33,24.49,25.04,28487069.0,821581162.0,3999702579.0000005,0.00712229683016138
